time,weight
0.237374,2.8813068866729736
0.248806,2.8939054012298584
0.260239,2.9106285572052
0.271671,2.961560010910034
0.283099,3.0243277549743652
0.294528,3.0321288108825684
0.305956,3.0584912300109863
0.317385,3.086512565612793
0.328816,3.1189723014831543
0.340245,3.162416696548462
0.351674,3.1928141117095947
0.363104,3.2154104709625244
0.374533,3.2745914459228516
0.385962,3.351616382598877
0.397391,3.4278345108032227
